"Plot_id","Site","Persistant_gap_area_2013","Recovered_gap_area_2013","New_gap_area_2020","Persistant_gap_area_2020","Intact_canopy_TCH_2013","New_gap_TCH_2013","Persistant_gap_TCH_2013","Recovered_gap_TCH_2013","Intact_canopy_TCH_2020","New_gap_TCH_2020","Persistant_gap_TCH_2020","Recovered_gap_TCH_2020","Persistant_gap_volume_2013","Recovered_gap_volume_2013","New_gap_volume_2020","Persistant_gap_volume_2020","Persistant_gap_volume_change","Intact canopy_height_growth","New gap_height_growth","Persistent gap_height_growth","Recovered gap_height_growth","Existing_gap_area_2013","Existing_gap_area_2020","Existing_gap_volume_2013","Existing_gap_volume_2020","Existing_proportion_closed","Existing_proportion_closed_perc"
"45","SBE",441.5,574,551.25,441.5,28.0571542537522,20.3744445247174,5.19676552380467,6.06131996261118,29.0890490739869,6.16465303243693,5.71768861556783,18.0141639244265,2294.37197875976,3479.19765853882,3398.26498413086,2524.3595237732,229.987545013436,1.0318948202347,-14.2097914922805,0.520923091763161,11.9528439618154,1015.5,441.5,5773.56963729858,2524.3595237732,0.562773174594577,56.2773174594577
"76","SBE",214.5,220.25,397.25,214.5,30.062456593893,20.4200734834089,5.20059879898747,6.24303523744546,32.0064477813336,5.76471167168879,5.92735827608264,21.5949076242263,1115.52844238281,1375.02851104736,2290.03171157837,1271.41835021973,155.889907836913,1.94399118744057,-14.6553618117201,0.726759477095167,15.3518723867808,434.75,214.5,2490.55695343017,1271.41835021973,0.489504406446661,48.9504406446661
"64","SBE",214,425.75,69.5,214,31.2372279598091,21.4222726067193,5.77564991745994,6.58827995259973,32.6805168830111,7.01885514293643,6.26241345271886,18.5029893965842,1235.98908233643,2804.96018981934,487.810432434082,1340.15647888184,104.16739654541,1.44328892320199,-14.4034174637829,0.486763535258924,11.9147094439844,639.75,214,4040.94927215577,1340.15647888184,0.668356025126024,66.8356025126024
"5","SBE",334.75,716.75,146.75,334.75,28.5090917158566,22.2382322243166,4.92107228969264,6.89525734908413,31.7470788979786,6.34078789732119,6.2725137905722,17.0382496754301,1647.32894897461,4942.17570495605,930.510623931885,2099.72399139404,452.395042419435,3.23798718212195,-15.8974443269954,1.35144150087957,10.1429923263459,1051.5,334.75,6589.50465393066,2099.72399139404,0.681353288043958,68.1353288043958
"9","SBE",492,755.25,508.75,492,27.5482990650676,22.0740877718539,5.89547709333218,6.88943527913654,29.2127813791351,6.19543971406154,6.83732670109446,17.2870057253442,2900.57472991943,5203.24599456787,3151.92995452881,3363.96473693848,463.390007019043,1.66448231406752,-15.8786480577923,0.941849607762282,10.3975704462076,1247.25,492,8103.8207244873,3363.96473693848,0.584891515828627,58.4891515828627
"20","SBE",467,228.75,721.25,467,27.6588543170624,21.7584594726562,5.73940575250466,6.44600538243362,28.1713895560981,6.06689630306779,5.7624301951243,16.9573610066065,2680.30248641968,1474.52373123169,4375.74895858764,2691.05490112305,10.7524147033691,0.51253523903566,-15.6915631695884,0.0230244426196347,10.5113556241729,695.75,467,4154.82621765137,2691.05490112305,0.35230626742212,35.230626742212
"115","SBE",1084,799,442.25,1084,29.0601582350795,18.04502418393,5.43556936904514,6.36829290760026,32.6290840914624,6.52356561689878,6.33779022174569,18.1923665749713,5892.15719604494,5088.2660331726,2885.04689407349,6870.16460037233,978.007404327394,3.56892585638288,-11.5214585670312,0.902220852700549,11.8240736673711,1883,1084,10980.4232292175,6870.16460037233,0.374326065857673,37.4326065857673
"106","SBE",654.25,553.75,513.75,654.25,29.1630711544348,20.3217411458928,5.60945367284708,6.56216649729296,31.4565214243238,6.58191132557073,5.88802428896025,19.0916877350474,3669.9850654602,3633.79969787598,3381.45694351196,3852.23989105225,182.254825592045,2.29345026988907,-13.739829820322,0.278570616113176,12.5295212377544,1208,654.25,7303.78476333618,3852.23989105225,0.472569357411808,47.2569357411808
"100","SBE",719.25,804.5,547.25,719.25,28.3613313669612,19.1518130940681,6.12482195427569,7.01031197784405,30.0633103115356,6.61740465020414,6.27727557073916,17.6997557711794,4405.27819061279,5639.79598617554,3621.37469482422,4514.93045425414,109.652263641348,1.70197894457437,-12.534408443864,0.152453616463466,10.6894437933353,1523.75,719.25,10045.0741767883,4514.93045425414,0.550532890569686,55.0532890569686
"66","SBE",345,418.75,348.5,345,31.9693377217655,22.6232043119893,4.95453380640001,5.59694183805096,34.7812673841735,5.69572211201256,5.46060590882232,21.4045360690444,1709.314163208,2343.71939468384,1984.95915603638,1883.9090385437,174.594875335697,2.81192966240807,-16.9274821999767,0.506072102422308,15.8075942309935,763.75,345,4053.03355789184,1883.9090385437,0.535185432927034,53.5185432927034
"96","SBE",344.25,376.25,383.5,344.25,31.2836925534028,22.5881656214031,5.28169568518235,6.96278783855248,32.5468915899595,6.58313939220125,6.27938685420637,17.8132133205072,1818.22373962402,2619.74892425537,2524.63395690918,2161.67892456054,343.45518493652,1.26319903655668,-16.0050262292019,0.997691169024023,10.8504254819547,720.5,344.25,4437.97266387939,2161.67892456054,0.512912969889513,51.2912969889513
"14","SBE",116.25,478.25,156,116.25,26.5117516657421,21.2715432338226,5.71600528840096,7.0708047295514,29.2353339683619,6.76870641952906,7.2975095359228,16.7225190245912,664.485614776611,3381.61236190796,1055.91820144653,848.335483551025,183.849868774414,2.72358230261978,-14.5028368142935,1.58150424752184,9.65171429503981,594.5,116.25,4046.09797668457,848.335483551025,0.79033244166614,79.033244166614
"35","SBE",697.5,516.5,297.75,697.5,30.1686717671672,20.0164183545373,4.11328711287522,5.67731257952886,32.1224844657629,5.20908884197398,4.18703623125631,21.2992195949204,2869.01776123047,2932.33194732666,1551.00620269775,2920.45777130127,51.4400100708085,1.95381269859565,-14.8073295125633,0.0737491183810874,15.6219070153915,1214,697.5,5801.34970855713,2920.45777130127,0.496589945785629,49.6589945785629
"30","SBE",858.5,267,439.75,858.5,28.2113103498679,19.1146094152506,4.87038867308359,6.92246722103504,29.2484582259952,6.54791241548765,4.84117205113816,18.7681223122815,4181.22867584226,1848.29874801636,2879.44448471069,4156.14620590211,-25.0824699401546,1.03714787612728,-12.5666969997629,-0.0292166219454337,11.8456550912464,1125.5,858.5,6029.52742385862,4156.14620590211,0.310701168808622,31.0701168808622
"25","SBE",1086.75,463.25,737.25,1086.75,30.6905844436778,17.9254408170508,6.1696368406799,6.73291391124612,32.5587820714231,6.34652941248788,5.4992642118543,19.9451691925494,6704.85283660888,3119.02236938477,4678.97880935669,5976.32538223267,-728.527454376214,1.86819762774529,-11.5789114045629,-0.670372628825594,13.2122552813032,1550,1086.75,9823.87520599365,5976.32538223267,0.391652962103341,39.1652962103341
"56","SBE",554.75,546.5,481.25,554.75,32.6162214598178,24.2495905175148,5.73785179657354,6.70696807889249,33.2345597303383,6.10710213797432,6.27411569438039,18.3654770637366,3183.07328414917,3665.35805511475,2939.04290390014,3480.56568145752,297.49239730835,0.618338270520518,-18.1424883795404,0.536263897806849,11.6585089848441,1101.25,554.75,6848.43133926392,3480.56568145752,0.491771836639072,49.1771836639072
"54","SBE",522.25,620.25,460.25,522.25,30.449905066856,22.4670407338223,5.99229444300175,6.27605647033667,32.1721558947475,6.42856686999783,5.53998200091065,20.828099236571,3129.47577285767,3892.72402572632,2958.7479019165,2893.25559997559,-236.220172882078,1.72225082789147,-16.0384738638244,-0.452312442091102,14.5520427662343,1142.5,522.25,7022.19979858399,2893.25559997559,0.587984437503614,58.7984437503614
"40","SBE",81.5,547.75,111,81.5,28.7826460859876,24.2689683244035,5.6278570444306,6.52032375988597,31.1201936081403,6.52189591553834,7.05123129066514,17.5697257295693,458.670349121094,3571.50733947754,723.930446624756,574.675350189209,116.005001068115,2.33754752215273,-17.7470724088652,1.42337424623454,11.0494019696833,629.25,81.5,4030.17768859863,574.675350189209,0.857406944657809,85.7406944657809
"50","SBE",359,398.25,422,359,30.2747331985239,25.6249990689246,3.91128634609553,5.07986703071666,31.2770991621125,5.92034299226732,4.86570843879892,19.3949515228367,1404.15179824829,2023.05704498291,2498.38474273681,1746.78932952881,342.637531280517,1.00236596358865,-19.7046560766573,0.954422092703391,14.31508449212,757.25,359,3427.2088432312,1746.78932952881,0.490317220388028,49.0317220388028
"85","SBE",204.5,464,292,204.5,29.000293443011,17.5771362487584,6.6429141168198,6.8582910669261,31.1300612922794,6.51902818026608,6.2839407512786,16.712687451264,1358.47593688965,3182.24705505371,1903.5562286377,1285.06588363647,-73.4100532531743,2.12976784926846,-11.0581080684923,-0.358973365541194,9.85439638433786,668.5,204.5,4540.72299194336,1285.06588363647,0.71699090961581,71.699090961581
"91","SBE",249.5,326.5,521.5,249.5,28.7674831965809,25.2613846220198,5.48859151714073,6.6638557585969,30.1874692582032,6.23885812878265,6.03521425786144,16.3781432521288,1369.40358352661,2175.74890518189,3253.56451416015,1505.78595733643,136.382373809816,1.41998606162224,-19.0225264932371,0.546622740720704,9.71428749353194,576,249.5,3545.1524887085,1505.78595733643,0.575254953875062,57.5254953875062
"110","SBE",832.75,515,453.5,832.75,27.894630004545,18.0938358664381,5.6505537763153,6.62002393852158,30.1990397644906,6.23363197099544,5.71901990328779,18.0626017301985,4705.49865722657,3409.31232833861,2826.95209884643,4762.51382446291,57.0151672363436,2.30440975994559,-11.8602038954427,0.0684661269724938,11.442577791677,1347.75,832.75,8114.81098556518,4762.51382446291,0.413108471295932,41.3108471295932
"120","SBE",192.5,244.5,382.25,192.5,31.042817684553,20.6513653412764,5.8292774150898,6.19484103774244,32.7804514574898,6.32511294098598,6.27175828017197,18.6775503802153,1122.13590240479,1514.63863372803,2417.77442169189,1207.3134689331,85.1775665283192,1.73763377293684,-14.3262524002904,0.442480865082178,12.4827093424729,437,192.5,2636.77453613282,1207.3134689331,0.542124875529257,54.2124875529257
"71","SBE",396.5,341.25,483.25,396.5,31.840855568768,18.6428446525499,6.08921009655407,6.49052497388679,33.554667567323,5.91663679112071,6.05812567269517,19.6527888594966,2414.37180328369,2214.89164733887,2859.21472930908,2402.04682922363,-12.3249740600559,1.71381199855497,-12.7262078614292,-0.0310844238589043,13.1622638856098,737.75,396.5,4629.26345062256,2402.04682922363,0.481116843998024,48.1116843998024
"81","SBE",595.25,506.25,522,595.25,28.4279818578171,17.9458664715062,5.69730819067701,6.43549068498023,30.3314080827178,5.9526095335511,5.76359086435214,18.5888929955753,3391.32270050049,3257.96715927124,3107.26217651367,3430.77746200561,39.4547615051233,1.9034262249007,-11.9932569379551,0.0662826736751336,12.1534023105951,1101.5,595.25,6649.28985977173,3430.77746200561,0.484038516238877,48.4038516238877
"119","SBE",1423,696.25,916,1423,31.3235001076181,19.5927275653489,5.11147612882012,6.24953696012925,33.1595838305324,5.88918803352458,4.94683790977623,20.2371023400682,7273.63053131104,4351.24010848999,5394.49623870851,7039.35034561157,-234.280185699467,1.83608372291425,-13.7035395318243,-0.164638219043898,13.9875653799389,2119.25,1423,11624.870639801,7039.35034561157,0.39445774807073,39.445774807073
"114","SBE",1220.25,684.5,761.5,1220.25,27.0259279394464,18.9154405800512,5.56181682140411,6.81111044148793,28.2287331377567,6.36033530182064,5.61554166719184,16.8106027941707,6786.80697631836,4662.20509719849,4843.39533233642,6852.36471939085,65.557743072487,1.20280519831032,-12.5551052782305,0.0537248457877375,9.99949235268282,1904.75,1220.25,11449.0120735168,6852.36471939085,0.401488558541979,40.148855854198
"124","SBE",1221.75,644.25,858.75,1221.75,30.0294209605158,24.1178648525277,4.89773516170028,5.92719495874716,31.3420453223182,5.32181527527833,5.07401095945117,20.9994418433252,5983.80793380732,3818.59535217286,4570.10886764526,6199.17288970947,215.364955902144,1.31262436180249,-18.7960495772493,0.176275797750885,15.072246884578,1866,1221.75,9802.40328598018,6199.17288970947,0.367586426629091,36.7586426629091
"118","SBE",1256.5,772.75,689.75,1256.5,32.3636402866743,20.917677820917,4.7457568331444,5.6799398155052,35.7972755633665,5.45049778937257,5.08999281920053,23.7274293483017,5963.04346084594,4389.17349243164,3759.48085021973,6395.57597732546,432.532516479524,3.43363527669217,-15.4671800315445,0.344235986056127,18.0474895327965,2029.25,1256.5,10352.2169532776,6395.57597732546,0.382202285153947,38.2202285153947
"113","SBE",843.75,591.75,546,843.75,31.6747250256607,19.5983695844154,5.75489908402055,6.47927328479607,34.4247618317122,6.19814957279862,5.79879805953415,20.5678536753942,4855.69610214234,3834.10996627808,3384.18966674804,4892.73586273194,37.0397605895951,2.75003680605145,-13.4002200116168,0.0438989755135939,14.0885803905982,1435.5,843.75,8689.80606842042,4892.73586273194,0.436956840669597,43.6956840669597
"123","SBE",1232.5,607.25,753.5,1232.5,30.7795570198926,20.6876561722379,5.39323805060397,6.08178761192877,32.9184929796974,5.9525995691169,5.18835179946002,22.9397704311731,6647.16589736939,3693.16552734375,4485.28377532958,6394.64359283447,-252.522304534921,2.13893595980474,-14.735056603121,-0.204886251143952,16.8579828192443,1839.75,1232.5,10340.3314247131,6394.64359283447,0.381582337143331,38.1582337143331
"117","SBE",1610.5,1993.5,467,1610.5,31.5881483814773,20.0539989185538,4.03156672764623,3.76085518558792,33.6867819619081,4.90421279645834,4.05686010332887,10.7398155811347,6492.83821487425,7497.26481246952,2290.26737594604,6533.57319641114,40.7349815368843,2.09863358043086,-15.1497861220954,0.0252933756826357,6.97896039554676,3604,1610.5,13990.1030273438,6533.57319641114,0.53298605566798,53.298605566798
"112","SBE",917.25,559.75,672.75,917.25,31.6056615160716,20.5496921206176,5.95751327219371,6.25988828140266,34.0448913278435,5.81517347479699,6.02297771929008,21.918329236336,5464.52904891968,3503.97246551514,3912.15795516967,5524.57631301883,60.0472640991447,2.43922981177186,-14.7345186458206,0.0654644470963692,15.6584409549333,1477,917.25,8968.50151443482,5524.57631301883,0.384002299143618,38.4002299143618
"122","SBE",953.5,562.75,712.75,953.5,29.8949790908494,19.5294972195286,5.53620919046066,6.08006807223048,31.5300075385797,5.91273421465158,5.8786450662598,19.6496812641647,5278.77546310424,3421.5583076477,4214.30131149291,5605.28807067872,326.512607574481,1.63502844773025,-13.616763004877,0.342435875799141,13.5696131919343,1516.25,953.5,8700.33377075194,5605.28807067872,0.355738731596469,35.5738731596469
"116","SBE",651.75,1225.75,415,651.75,29.6065659839828,19.0966735196401,4.9404573136927,4.81143053098765,32.1185289009783,5.83190231323242,5.02240209136834,13.7621749762779,3219.94305419921,5897.61097335811,2420.23945999145,3273.35056304932,53.4075088501013,2.51196291699549,-13.2647712064077,0.0819447776756448,8.9507444452902,1877.5,651.75,9117.55402755732,3273.35056304932,0.640983694403588,64.0983694403588
"111","SBE",205.75,383.75,184.25,205.75,29.307532272066,19.8662322832415,5.57637127752293,6.51248036735609,32.3781626330502,6.33213470748839,6.58706435137502,18.2962065059898,1147.33839035034,2499.1643409729,1166.69581985474,1355.28849029541,207.950099945068,3.07063036098418,-13.5340975757532,1.01069307385209,11.7837261386337,589.5,205.75,3646.50273132324,1355.28849029541,0.628331968970279,62.8331968970279
"121","SBE",185.5,440.25,438.5,185.5,28.1845138121147,21.516596203655,6.4841559068212,6.16050486264074,29.3105506665031,6.44025616009667,6.08458680926629,14.3693863946156,1202.81092071533,2712.16226577759,2824.05232620239,1128.6908531189,-74.1200675964346,1.12603685438841,-15.0763400435584,-0.399569097554904,8.20888153197483,625.75,185.5,3914.97318649292,1128.6908531189,0.711698956965272,71.1698956965272
"109","SBE",851,592,676,851,27.9329326620696,19.2407281130729,5.65737401780735,6.46631244066599,29.6354079901939,5.66414930693496,5.688602308549,17.9206243012403,4814.42528915406,3828.05696487427,3828.96493148803,4841.0005645752,26.5752754211462,1.70247532812426,-13.5765788061379,0.0312282907416526,11.4543118605743,1443,851,8642.48225402833,4841.0005645752,0.439859935805044,43.9859935805044
"108","SBE",934,401.75,697.75,934,30.5115032006301,19.7877856930794,5.76557883971256,6.60836071306383,32.3701317472814,6.1081510548607,5.61799618723051,21.2904513631464,5385.05063629153,2654.90891647339,4261.96239852905,5247.2084388733,-137.842197418239,1.85862854665126,-13.6796346382187,-0.147582652482055,14.6820906500825,1335.75,934,8039.95955276492,5247.2084388733,0.347358851193623,34.7358851193623
"107","SBE",446.75,362,455.25,446.75,29.6803145044603,18.9501738865123,5.86217487251952,6.487738867491,31.3787378586534,6.73126135233796,6.16495058372425,19.8186571532191,2618.9266242981,2348.56147003174,3064.40673065185,2754.19167327881,135.265048980712,1.69842335419303,-12.2189125341743,0.302775711204728,13.3309182857281,808.75,446.75,4967.48809432984,2754.19167327881,0.445556462143796,44.5556462143796
"105","SBE",625,782,546,625,27.5700548538633,17.706162756616,5.6957360168457,6.6717464954347,29.708776215902,6.31993063203581,6.26946387939453,17.8335623485048,3559.83501052856,5217.30575942993,3450.68212509155,3918.41492462158,358.579914093021,2.13872136203869,-11.3862321245801,0.573727862548834,11.1618158530701,1407,625,8777.14076995849,3918.41492462158,0.553565901775994,55.3565901775994
"104","SBE",1460.75,704.5,724.25,1460.75,27.9820417575038,16.9592272409867,6.05664930550911,6.59967014483308,30.6147113115472,6.36365944359027,5.80794997691044,20.3156284253762,8847.25047302244,4649.4676170349,4608.88035202025,8483.96292877192,-363.287544250517,2.63266955404336,-10.5955677973965,-0.248699328598676,13.7159582805431,2165.25,1460.75,13496.7180900573,8483.96292877192,0.371405487455367,37.1405487455367
"103","SBE",418,636.5,265.5,418,28.6293745443627,18.8782054520372,5.33158854434364,6.41321687181447,30.9451971392851,6.48219772022772,6.12272532704915,17.9729297934605,2228.60401153564,4082.01253890991,1721.02349472046,2559.29918670654,330.695175170901,2.3158225949224,-12.3960077318095,0.791136782705506,11.559712921646,1054.5,418,6310.61655044555,2559.29918670654,0.594445460875634,59.4445460875634
"102","SBE",565.5,626.75,423.25,565.5,29.6296039366788,17.7591534257991,5.49346553488815,6.3458593952071,32.3667407978907,6.28044692623637,5.93430975282435,19.3886874746316,3106.55475997925,3977.26737594605,2658.19916152954,3355.85216522217,249.297405242924,2.73713686121196,-11.4787064995628,0.440844217936206,13.0428280794245,1192.25,565.5,7083.8221359253,3355.85216522217,0.526265326707865,52.6265326707865
"101","SBE",497.5,629.5,563.25,497.5,29.453278370285,21.8463374923929,6.01049649032515,6.72380024104765,31.064287601876,6.379626718141,6.16687337597411,18.7086734423286,2990.22200393676,4232.6322517395,3593.32474899292,3068.01950454712,77.7975006103584,1.61100923159095,-15.4667107742519,0.156376885648961,11.9848732012809,1127,497.5,7222.85425567626,3068.01950454712,0.575234471589117,57.5234471589117
"99","SBE",887.5,665.25,519.5,887.5,30.1053892916882,20.1571748236031,5.24775663134081,6.37455536771743,32.7165888845074,6.39260321608865,5.57253951811452,19.1501470061901,4657.38401031497,4240.67295837402,3320.95737075806,4945.62882232664,288.244812011667,2.6111995928192,-13.7645716075144,0.324782886773709,12.7755916384726,1552.75,887.5,8898.05696868899,4945.62882232664,0.444190024886376,44.4190024886376
"98","SBE",918,569,910.75,918,28.3267075578022,21.1495432407359,5.70447595966148,6.59387975334074,30.0937347416908,6.3909045629635,5.91002338800036,19.4969198096197,5236.70893096924,3751.91757965088,5820.51633071901,5425.40147018433,188.69253921509,1.76702718388859,-14.7586386777724,0.205547428338877,12.9030400562789,1487,918,8988.62651062012,5425.40147018433,0.396414851170623,39.6414851170623
"97","SBE",610.75,408.25,579.75,610.75,31.6836910124604,18.1827681304155,6.13078178190277,6.52641543068919,33.0278759113132,6.42718392685087,6.16329515092547,20.6674505585334,3744.37497329711,2664.40909957886,3726.15988159179,3764.23251342773,19.8575401306189,1.3441848988528,-11.7555842035646,0.0325133690227082,14.1410351278442,1019,610.75,6408.78407287597,3764.23251342773,0.412644821447618,41.2644821447618
"95","SBE",347.75,342.75,523.25,347.75,29.2101128706922,20.8419436889007,6.6099102533095,6.80128038268642,30.7317985570959,6.01756250169137,6.54346924047517,19.5881437917942,2298.59629058838,2331.13885116577,3148.68957901001,2275.49142837524,-23.1048622131384,1.5216856864037,-14.8243811872093,-0.0664410128343311,12.7868634091077,690.5,347.75,4629.73514175415,2275.49142837524,0.508505052944976,50.8505052944976
"89","SBE",358,351.75,395.5,358,31.7774684933333,21.0319778403802,6.57308497508811,7.18343854848594,32.6764689339561,6.68154165506664,6.69234471880524,18.2734101274459,2353.16442108154,2526.77450942993,2642.54972457886,2395.85940933228,42.6949882507324,0.899000440622832,-14.3504361853135,0.11925974371713,11.08997157896,709.75,358,4879.93893051147,2395.85940933228,0.509039059002903,50.9039059002903
"94","SBE",121.5,161.75,403.75,121.5,31.1680436045266,23.2991940524925,6.34973715950922,6.65799589319244,33.1631963899294,5.76290884106521,5.72158945342641,20.7664966376893,771.493064880371,1076.93083572388,2326.77444458008,695.173118591309,-76.319946289062,1.99515278540279,-17.5362852114273,-0.628147706082816,14.1085007444968,283.25,121.5,1848.42390060425,695.173118591309,0.623910338768041,62.3910338768041
"88","SBE",246.5,313.75,393.75,246.5,29.7141863422825,20.5266341339596,6.79725676376002,6.80028432412926,31.7017246991974,6.2017384750124,6.07751034626371,19.9848979934753,1675.52379226685,2133.58920669556,2441.93452453613,1498.106300354,-177.417491912842,1.9875383569149,-14.3248956589472,-0.719746417496316,13.184613669346,560.25,246.5,3809.11299896241,1498.106300354,0.606704684066322,60.6704684066322
"93","SBE",162.25,204.75,363.25,162.25,29.6021793186286,21.3104447996871,6.9142421022953,6.84853997422662,30.7195695430124,6.45621968825275,7.03455038908266,19.3123617207174,1121.83578109741,1402.2385597229,2345.22180175781,1141.35580062866,19.5200195312502,1.11739022438378,-14.8542251114343,0.120308286787366,12.4638217464908,367,162.25,2524.07434082031,1141.35580062866,0.547812129710203,54.7812129710203
"87","SBE",452.75,434.25,691.5,452.75,30.4674370188941,22.1635657839386,6.28854726520709,6.90224403640494,31.5588987225942,6.35259695322033,6.92883401888632,18.8542075500313,2847.13977432251,2997.29947280884,4392.82079315186,3137.02960205078,289.889827728272,1.09146170370015,-15.8109688307182,0.640286753679231,11.9519635136263,887,452.75,5844.43924713135,3137.02960205078,0.463245408258707,46.3245408258707
"92","SBE",389.25,409.75,403,389.25,29.7659618909954,19.8878335313821,6.57536106195371,6.79352520703542,31.3584652385169,6.74698340744889,6.43447460451414,19.7273264635329,2559.45929336548,2783.64695358276,2719.0343132019,2504.61923980713,-54.840053558351,1.59250334752144,-13.1408501239332,-0.140886457439565,12.9338012564975,799,389.25,5343.10624694824,2504.61923980713,0.531242853117947,53.1242853117947
"86","SBE",289.5,346.75,433,289.5,30.1086555456114,23.0963262773827,5.75300924930341,6.55397675066607,31.645237137259,6.192746750477,6.15957227848561,18.4091387627016,1665.49617767334,2272.59143829346,2681.45934295654,1783.19617462158,117.699996948246,1.53658159164764,-16.9035795269057,0.406563029182196,11.8551620120356,636.25,289.5,3938.0876159668,1783.19617462158,0.547192356159957,54.7192356159957
"90","SBE",116.5,249.75,97,116.5,28.964268323269,18.0542309161314,6.24989646289482,7.14636994171906,31.3133955191398,7.38897339339109,7.01678535559658,17.5372615199428,728.112937927247,1784.80589294434,716.730419158936,817.455493927002,89.3425559997554,2.3491271958708,-10.6652575227403,0.766888892701763,10.3908915782237,366.25,116.5,2512.91883087159,817.455493927002,0.67469880686776,67.469880686776
"79","SBE",312.5,414,348.5,312.5,30.227490534195,21.490904645222,5.78282485351563,6.78000786454205,31.816394535476,6.50370245650305,6.20915224609375,18.7893375636298,1807.13276672363,2806.92325592041,2266.54030609131,1940.3600769043,133.227310180664,1.58890400128108,-14.9872021887189,0.426327392578125,12.0093296990878,726.5,312.5,4614.05602264404,1940.3600769043,0.579467594805579,57.946759480558
"74","SBE",63.75,203,347.25,63.75,33.7605385172235,35.5589201057276,6.34490823184743,6.01646047507601,36.0498289409584,6.20321861799884,6.50192739449295,22.6630364403936,404.487899780273,1221.34147644043,2154.0676651001,414.497871398926,10.0099716186524,2.28929042373486,-29.3557014877287,0.157019162645527,16.6465759653176,266.75,63.75,1625.8293762207,414.497871398926,0.745054507280192,74.5054507280192
"84","SBE",211.25,262,349,211.25,32.290430633661,27.009003527185,5.48540190747504,6.56426201157898,33.8781224689589,6.08538536355966,5.09798273391272,21.4284790563219,1158.7911529541,1719.83664703369,2123.79949188232,1076.94885253906,-81.8423004150407,1.58769183529788,-20.9236181636253,-0.387419173562323,14.8642170447429,473.25,211.25,2878.62779998779,1076.94885253906,0.625881174167905,62.5881174167905
"78","SBE",92.25,84,400.5,92.25,35.6606866366552,30.688033324205,7.50038552219629,6.89726820446196,36.1903365331399,5.85503721772954,6.84214658659648,22.4783991404942,691.910564422607,579.370529174805,2344.94240570068,631.188022613525,-60.7225418090821,0.52964989648472,-24.8329961064754,-0.658238935599806,15.5811309360322,176.25,92.25,1271.28109359741,631.188022613525,0.503502391569894,50.3502391569894
"73","SBE",118,325.5,370,118,32.2315059060386,27.3558839746423,7.40848098366947,6.52184940226799,34.8644062529218,6.63782303268844,7.18447617353019,22.591173714024,874.200756072998,2122.86198043823,2455.99452209472,847.768188476562,-26.4325675964354,2.6329003468832,-20.7180609419539,-0.224004810139284,16.069324311756,443.5,118,2997.06273651123,847.768188476562,0.717133652843244,71.7133652843244
"83","SBE",352.75,241.5,547.25,352.75,34.0268440541176,25.7608141944854,5.43583826271884,5.93103014707072,34.8957812708977,6.01008781617829,5.41031741352473,22.8908131917318,1917.49194717407,1432.34378051758,3289.02055740357,1908.48946762085,-9.00247955322425,0.86893721678014,-19.7507263783071,-0.0255208491941152,16.959783044661,594.25,352.75,3349.83572769165,1908.48946762085,0.430273714067771,43.0273714067771
"77","SBE",481.5,341.25,250.25,481.5,32.5867629990816,23.8333611731286,5.30575798407026,6.69459813156407,34.9763184497037,6.05983516910336,5.55584629649065,21.6753455752418,2554.72246932983,2284.53161239624,1516.47375106812,2675.13999176025,120.417522430417,2.38955545062215,-17.7735260040253,0.250088312420388,14.9807474436777,822.75,481.5,4839.25408172607,2675.13999176025,0.447199930695501,44.7199930695501
"72","SBE",165.25,259,157.25,165.25,32.4904975439773,21.2173819731453,6.43430163315673,6.70046870404689,34.911138500083,6.16712692090931,6.955557195574,19.1084991955849,1063.26834487915,1735.42139434814,969.780708312988,1149.4058265686,86.1374816894534,2.4206409561057,-15.050255052236,0.521255562417266,12.408030491538,424.25,165.25,2798.68973922729,1149.4058265686,0.589305734587805,58.9305734587805
"82","SBE",331.75,424,404.25,331.75,32.5503353082034,23.6166713433864,5.94578464855893,6.67580686425263,34.5108138438934,6.16443312721041,5.75878416404924,18.9346569169242,1972.51405715943,2830.54211044312,2491.97209167481,1910.47664642334,-62.0374107360899,1.96047853568997,-17.452238216176,-0.18700048450969,12.2588500526716,755.75,331.75,4803.05616760255,1910.47664642334,0.602237288143779,60.2237288143779
"75","SBE",81.75,305.75,133.5,81.75,31.3539841753716,24.4548924763997,5.19401111661112,6.81585115696306,32.9532663943397,6.56464923187142,7.48798671337443,17.7239544697697,424.610408782959,2083.94649124146,876.380672454834,612.14291381836,187.532505035401,1.59928221896812,-17.8902432445283,2.29397559676331,10.9081033128066,387.5,81.75,2508.55690002442,612.14291381836,0.755978063000125,75.5978063000125
"70","SBE",592.75,309.75,517.25,592.75,31.1560894173124,21.1868970307709,5.84617539449666,6.57550918295847,33.0323728105296,5.98378468619963,5.8178414707192,20.9222648811494,3465.3204650879,2036.76396942139,3095.11262893676,3448.5255317688,-16.7949333190913,1.87628339321724,-15.2031123445712,-0.0283339237774634,14.346755698191,902.5,592.75,5502.08443450929,3448.5255317688,0.373232895129796,37.3232895129796
"80","SBE",239.5,219.25,223.5,239.5,30.0813968693935,21.1212903903901,6.55126731729209,7.39984464917243,32.0176810582497,6.20367327525845,6.62866803449977,15.9724558152794,1569.02852249146,1622.41593933106,1386.52097702026,1587.5659942627,18.5374717712402,1.93628418885619,-14.9176171151317,0.0774007172076834,8.57261116610693,458.75,239.5,3191.44446182252,1587.5659942627,0.502555656771136,50.2555656771136
"69","SBE",388,237.75,716,388,31.3006901853632,22.947911470296,5.95027085923657,6.28996474208892,32.3774067162624,6.03102215175522,5.33998062684365,20.2279662765038,2308.70509338379,1495.43911743164,4318.21186065674,2071.91248321533,-236.792610168452,1.0767165308992,-16.9168893185408,-0.610290232392919,13.9380015344148,625.75,388,3804.14421081543,2071.91248321533,0.455353854008808,45.5353854008807
"68","SBE",235.5,328.25,151.75,235.5,30.0346454473088,19.5202210377626,5.41631195651498,6.5011862110565,32.0120332570625,5.45942974561914,5.15841339500087,19.9350930393332,1275.54146575928,2134.0143737793,828.468463897705,1214.8063545227,-60.7351112365736,1.97738780975361,-14.0607912921434,-0.257898561514113,13.4339068282767,563.75,235.5,3409.55583953858,1214.8063545227,0.643705393988473,64.3705393988473
"67","SBE",268,292.25,264.75,268,32.0269324989743,28.5037917586517,5.46445486438808,6.39178438080591,33.353228544038,6.34251668928253,6.7170292868543,20.0062322167885,1464.47390365601,1867.99898529053,1679.18129348755,1800.16384887695,335.689945220947,1.32629604506369,-22.1612750693691,1.25257442246622,13.6144478359826,560.25,268,3332.47288894654,1800.16384887695,0.459811404663515,45.9811404663515
"65","SBE",530.25,538.75,517,530.25,29.7191569891919,25.9717988875664,5.2137861382225,6.58725771450388,30.8695624129603,6.16541616413994,5.84014164530295,17.8379909577337,2764.61009979248,3548.88509368897,3187.52015686035,3096.73510742189,332.125007629408,1.15040542376832,-19.8063827234265,0.626355507080448,11.2507332432298,1069,530.25,6313.49519348145,3096.73510742189,0.50950543042795,50.950543042795
"1","SBE",633,471.25,571.75,633,27.6029888753515,20.6455917858796,5.88274061736337,6.38848094990779,28.6634273217193,6.49104421838278,6.05921378595193,17.6827622148023,3723.77481079102,3010.57164764404,3711.25453186035,3835.48232650757,111.707515716558,1.06043844636785,-14.1545475674968,0.17647316858856,11.2942812648945,1104.25,633,6734.34645843506,3835.48232650757,0.430459607301097,43.0459607301097
"2","SBE",449.5,418.75,395.25,449.5,29.2049195454382,19.2883720422077,5.31539835521456,6.65690539004198,30.9637375989429,6.13624661546353,6.0442416028796,18.1582428342905,2389.27156066895,2787.57913208008,2425.35147476196,2716.88660049438,327.615039825435,1.75881805350466,-13.1521254267442,0.728843247665038,11.5013374442485,868.25,449.5,5176.85069274903,2716.88660049438,0.475185443478253,47.5185443478253
"3","SBE",752.5,554.75,503.25,752.5,27.5550714701477,17.6217371281616,4.01492034303787,5.86099007302654,29.5414691817559,5.92931800686893,3.83495342977024,17.9105665938389,3021.227558136,3251.38424301148,2983.92928695679,2885.80245590211,-135.425102233889,1.98639771160816,-11.6924191212926,-0.179966913267627,12.0495765208124,1307.25,752.5,6272.61180114748,2885.80245590211,0.539936066922841,53.9936066922841
"4","SBE",260.25,327.5,340,260.25,28.0522399751428,19.3475407207713,6.16309679894351,7.14221752836504,29.4583228677697,6.55265049653895,6.50041666314879,17.2230877359405,1603.94594192505,2339.07624053955,2227.90116882324,1691.73343658447,87.7874946594236,1.40608289262698,-12.7948902242324,0.337319864205278,10.0808702075755,587.75,260.25,3943.0221824646,1691.73343658447,0.570955130785735,57.0955130785735
"6","SBE",673.75,553.75,701.75,673.75,27.7474416371983,20.345568551939,5.55567364807694,6.72582329950268,28.928690124698,6.48516595648156,6.52433030052398,17.0085365932628,3743.13512039184,3724.42465209961,4550.96520996094,4395.76753997803,652.632419586188,1.18124848749973,-13.8604025954575,0.968656652447033,10.2827132937601,1227.5,673.75,7467.55977249145,4395.76753997803,0.411351542685886,41.1351542685886
"7","SBE",1020.75,836.25,711,1020.75,24.8529819485347,16.3175102856256,5.22460302557982,6.17575233356835,26.3584199655308,6.022988503157,5.43482090344825,16.8329421563712,5333.0135383606,5164.47288894653,4282.34482574463,5547.5934371948,214.579898834199,1.50543801699613,-10.2945217824686,0.21021787786843,10.6571898228028,1857,1020.75,10497.4864273071,5547.5934371948,0.471531258876998,47.1531258876998
"8","SBE",368.5,459.5,454.75,368.5,28.7378885079907,19.3774363898916,6.51273124415322,7.13329015488982,30.5014392833225,6.62292854598487,6.53594684989027,18.9405751441067,2399.94146347046,3277.74682617187,3011.77675628662,2408.49641418457,8.55495071410405,1.7635507753318,-12.7545078439068,0.0232156057370529,11.8072849892169,828,368.5,5677.68828964233,2408.49641418457,0.575796293963807,57.5796293963807
"10","SBE",723.5,605.5,770.25,723.5,28.7651956160958,19.6720655491429,5.77585795836855,6.96742410447162,30.5038242436565,6.54337677031668,6.1650459800989,17.492766892979,4178.83323287964,4218.77529525757,5040.03595733643,4460.41076660155,281.577533721911,1.73862862756068,-13.1286887788262,0.389188021730355,10.5253427885073,1329,723.5,8397.60852813721,4460.41076660155,0.468847499659409,46.8847499659409
"11","SBE",237.25,665,140.25,237.25,29.1547155977413,18.1736403412572,5.0956942173402,6.94239505968595,31.4029763604347,7.36114444834663,6.89982514939143,16.2027821017387,1208.95345306396,4616.69271469116,1032.40050888062,1636.98351669312,428.030063629152,2.24826076269342,-10.8124958929106,1.80413093205122,9.26038704205277,902.25,237.25,5825.64616775512,1636.98351669312,0.719003957749133,71.9003957749133
"12","SBE",594,480,445,594,29.1823908653637,18.5740652020058,3.99700662503738,5.74757646719614,30.8590509799044,6.37694743295734,4.1226506345601,19.2689984083176,2374.22193527221,2758.83670425415,2837.74160766602,2448.8544769287,74.632541656491,1.67666011454066,-12.1971177690484,0.125644009522712,13.5214219411214,1074,594,5133.05863952636,2448.8544769287,0.522924897434123,52.2924897434123
"13","SBE",978.75,511.5,642.25,978.75,28.9231368559935,20.3152705423096,6.21537038673994,6.62495025604934,30.7939746759283,6.14202415196057,5.68805236816407,19.7047152924748,6083.29376602172,3388.66205596924,3944.71501159668,5567.18125534058,-516.112510681138,1.87083781993475,-14.173246390349,-0.527318018575875,13.0797650364254,1490.25,978.75,9471.95582199096,5567.18125534058,0.412245859253767,41.2245859253767
"15","SBE",668.75,379.75,594.5,668.75,28.9673564954111,20.244474848947,5.72852436956958,6.67279612256792,30.4637115551258,6.4289114770015,6.38608347099519,17.5484182672959,3830.95067214966,2533.99432754517,3821.98787307739,4270.69332122803,439.742649078372,1.49635505971473,-13.8155633719455,0.657559101425602,10.875622144728,1048.5,668.75,6364.94499969483,4270.69332122803,0.329029029876489,32.9029029876489
"16","SBE",1098.75,523,493.5,1098.75,28.892889429684,19.4735299818663,4.8348092939531,6.41253273345772,30.4579888601606,6.21639206875663,4.73439529644618,19.1582021403267,5312.24671173097,3353.75461959839,3067.7894859314,5201.91683197024,-110.32987976073,1.56509943047661,-13.2571379131097,-0.100413997506921,12.745669406869,1621.75,1098.75,8666.00133132936,5201.91683197024,0.399732744886127,39.9732744886127
"31","SBE",479.25,435.25,313.5,479.25,29.4648379201124,21.2081626149836,6.58002528835847,6.80963128630558,30.7636928856496,6.69608928674336,6.78691122565471,19.5244159030202,3153.4771194458,2963.8920173645,2099.22399139404,3252.62720489502,99.1500854492224,1.29885496553719,-14.5120733282402,0.206885937296239,12.7147846167146,914.5,479.25,6117.3691368103,3252.62720489502,0.468296397985394,46.8296397985394
"26","SBE",706.25,553.25,510.75,706.25,28.0165493773366,20.2891823371368,5.76893907935219,6.83173991951854,29.2474102508678,6.11649015914909,5.9884927557211,18.5352778238675,4074.31322479248,3779.66011047363,3123.9973487854,4229.37300872802,155.059783935541,1.23086087353128,-14.1726921779877,0.219553676368908,11.7035379043489,1259.5,706.25,7853.97333526611,4229.37300872802,0.461498934591848,46.1498934591848
"21","SBE",410,397.75,435.25,410,30.8258539259724,20.5285740939452,6.24572985579328,6.75101639263889,32.792334626867,6.61785602076584,6.49687584667672,18.1190548554522,2560.74924087524,2685.21677017212,2880.42183303833,2663.71909713745,102.969856262211,1.96648070089466,-13.9107180731793,0.25114599088344,11.3680384628133,807.75,410,5245.96601104736,2663.71909713745,0.492234777822047,49.2234777822048
"17","SBE",572,610.5,403,572,28.8175600298666,18.1653204413857,5.14289663221452,6.27258342021222,30.6850667374497,6.50133106430471,5.62410764760903,18.0189553275644,2941.7368736267,3829.41217803956,2620.0364189148,3216.98957443237,275.252700805661,1.86750670758314,-11.663989377081,0.481211015394512,11.7463719073521,1182.5,572,6771.14905166626,3216.98957443237,0.52489753956299,52.489753956299
"32","SBE",88.25,232.75,39.5,88.25,30.8141288624421,21.5675992362107,5.98433864690764,6.92336628029862,33.4483946453076,7.10247271573996,7.63354539736134,18.6875446454795,528.1178855896,1611.4135017395,280.547672271729,673.660381317139,145.542495727539,2.63426578286553,-14.4651265204707,1.6492067504537,11.7641783651809,321,88.25,2139.5313873291,673.660381317139,0.685136481144075,68.5136481144075
"27","SBE",130,172.75,289.75,130,31.8497003383573,27.4966304802093,3.40102301377517,6.54234815230417,32.6455286605027,6.18376591495648,4.3139454474816,17.7989185294608,442.132991790772,1130.19064331055,1791.74617385864,560.812908172608,118.679916381836,0.795828322145397,-21.3128645652528,0.912922433706427,11.2565703771566,302.75,130,1572.32363510132,560.812908172608,0.643322217097838,64.3322217097838
"22","SBE",269.25,530,113.5,269.25,29.358406084318,18.3825801563683,3.6682951775766,5.92643300902167,32.0512851526069,5.86714034563644,4.73666119730462,17.7254421953885,987.6884765625,3141.00949478149,665.920429229736,1275.34602737427,287.657550811768,2.69287906828892,-12.5154398107319,1.06836601972801,11.7990091863668,799.25,269.25,4128.69797134399,1275.34602737427,0.691102125603265,69.1102125603265
"18","SBE",919,761.5,605,919,27.078282403759,17.6728263224452,6.24518633770864,6.9507820344801,28.3478039654569,6.61761982815325,6.79553720351791,16.3631918914054,5739.32624435424,5293.02051925659,4003.65999603272,6245.09869003296,505.772445678719,1.26952156169789,-11.055206494292,0.55035086580927,9.41240985692526,1680.5,919,11032.3467636108,6245.09869003296,0.433928354152914,43.3928354152914
"33","SBE",812,514.25,360.5,812,29.4273089631833,17.5677155641511,5.20383694371563,6.4107280948177,31.4809184567975,6.29380420573708,5.37654631008654,17.76794248886,4225.51559829709,3296.71692276,2268.91641616822,4365.75560379027,140.240005493182,2.05360949361429,-11.273911358414,0.172709366370913,11.3572143940423,1326.25,812,7522.23252105709,4365.75560379027,0.41961969514115,41.961969514115
"28","SBE",634.25,425.75,565.75,634.25,31.3265114959788,22.197913621202,4.52217938066421,5.9734154531554,31.8181426370205,5.78672493847397,4.51714588085591,18.081084219484,2868.19227218628,2543.18162918091,3273.83963394165,2864.99977493286,-3.1924972534157,0.491631141041708,-16.4111886827281,-0.00503349980830237,12.1076687663286,1060,634.25,5411.37390136719,2864.99977493286,0.470559634733609,47.0559634733609
"23","SBE",213,254.75,482.25,213,28.3749230632097,20.1820675230446,6.81452309693529,7.40709932606166,29.3097390215524,6.32462298530195,6.96911200223395,16.1050482573055,1451.49341964722,1886.95855331421,3050.04943466187,1484.42085647583,32.9274368286133,0.934815958342707,-13.8574445377427,0.154588905298654,8.69794893124386,467.75,213,3338.45197296143,1484.42085647583,0.55535653395695,55.535653395695
"19","SBE",250.25,370.5,448.5,250.25,26.7014032798926,21.5212757191397,6.33574872393232,7.18427608145071,28.1237170414754,5.76167723486655,6.17479987053961,17.1500517604483,1585.52111816406,2661.77428817749,2584.11223983765,1545.24366760254,-40.2774505615246,1.42231376158282,-15.7595984842732,-0.160948853392705,9.96577567899758,620.75,250.25,4247.29540634155,1545.24366760254,0.636181729837918,63.6181729837918
"34","SBE",755.75,464.5,271,755.75,29.2551930175102,19.6128451357908,3.61703331707882,5.81060667828415,31.0038956427442,5.49930283944106,3.50699029203838,18.9743202381935,2733.57292938232,2699.02680206299,1490.31106948853,2650.40791320801,-83.1650161743128,1.748702625234,-14.1135422963498,-0.11004302504044,13.1637135599093,1220.25,755.75,5432.59973144531,2650.40791320801,0.512128990864769,51.2128990864769
"29","SBE",778.5,597.5,193,778.5,30.9185021513088,17.0653662805112,4.70180236091197,6.8119622011065,33.9630186233967,6.32618302261273,5.2344292044716,19.9638159077537,3660.35313796997,4070.14741516113,1220.95332336426,4075.00313568114,414.649997711171,3.04451647208788,-10.7391832578985,0.532626843559629,13.1518537066472,1376,778.5,7730.5005531311,4075.00313568114,0.472866846373792,47.2866846373792
"24","SBE",1037.75,391.25,665.75,1037.75,28.3491960254317,20.9208795745884,5.62890597798112,6.5538321498103,30.0035583632209,6.10525820392261,5.22183083074978,20.7538001502284,5841.39717864991,2564.18682861328,4064.57564926148,5418.95494461059,-422.442234039323,1.65436233778923,-14.8156213706658,-0.40707514723134,14.1999680004181,1429,1037.75,8405.58400726319,5418.95494461059,0.355314878784375,35.5314878784375
"53","SBE",718.25,403.75,886.5,718.25,28.7958093274562,18.8785119312198,6.52198386267009,6.50296634638642,29.870887618454,6.59788322986618,6.02095688721298,18.5092075406952,4684.4149093628,2625.57266235352,5849.02348327637,4324.55228424072,-359.862625122074,1.07507829099779,-12.2806287013536,-0.501026975457117,12.0062411943087,1122,718.25,7309.98757171632,4324.55228424072,0.408404974452596,40.8404974452596
"52","SBE",333.75,328,390.75,333.75,32.0450552978335,21.1698665020943,3.91199948885914,5.45973293955733,32.7068759492369,6.18448615974139,4.93642616986336,18.9282233308001,1305.62982940674,1790.7924041748,2416.58796691895,1647.5322341919,341.902404785156,0.661820651403396,-14.9853803423529,1.02442668100421,13.4684903912428,661.75,333.75,3096.42223358154,1647.5322341919,0.467923910271679,46.7923910271679
"51","SBE",335.25,460,780.25,335.25,31.1767393956185,24.808323956422,5.90946904693764,6.48161448603091,32.0653512229674,5.87024632251938,6.60356313092419,18.1137016711028,1981.14949798584,2981.54266357422,4580.25969314575,2213.84453964233,232.695041656492,0.888611827348907,-18.9380776339026,0.694094083986552,11.6320871850719,795.25,335.25,4962.69216156006,2213.84453964233,0.553902505420286,55.3902505420286
"41","SBE",239,340.75,361.25,239,29.1789436420898,20.5196257383353,6.42304991079673,6.62966755498269,30.5070650412283,6.84527236252095,7.37425228741379,17.2733365210731,1535.10892868042,2259.05921936035,2472.85464096069,1762.4462966919,227.337368011477,1.32812139913847,-13.6743533758144,0.951202376617058,10.6436689660904,579.75,239,3794.16814804077,1762.4462966919,0.535485453484187,53.5485453484187
"36","SBE",476,291.5,1000.25,476,26.1299628705123,11.1200776542315,5.94183258248979,6.31804952735966,28.5198217200165,5.42659830647807,5.53961075053495,18.9762226451527,2828.31230926514,1841.71143722534,5427.95495605469,2636.85471725464,-191.457592010502,2.38985884950411,-5.69347934775343,-0.402221831954837,12.658173117793,767.5,476,4670.02374649048,2636.85471725464,0.435365886686072,43.5365886686072
"46","SBE",73.5,341.5,129.25,73.5,30.9071229900849,20.9466007018689,6.08092472828975,6.83319743032162,33.1925156249283,6.77532531029943,7.94061860584077,17.8816016938641,446.947967529297,2333.53692245483,875.710796356202,583.635467529297,136.6875,2.28539263484345,-14.1712753915695,1.85969387755102,11.0484042635425,415,73.5,2780.48488998413,583.635467529297,0.790095796013253,79.0095796013253
"42","SBE",82,84.5,127.5,82,29.8700474705107,21.9579474056468,4.94823725630597,5.5824319512181,30.27701438029,6.55751600078508,6.01890750047638,20.8180833173221,405.75545501709,471.71549987793,836.083290100098,493.550415039063,87.7949600219734,0.406966909779317,-15.4004314048617,1.07067024417041,15.235651366104,166.5,82,877.47095489502,493.550415039063,0.43753076693221,43.753076693221
"37","SBE",329.75,458.75,174.5,329.75,28.4283182108531,17.7338297278287,5.96572858623883,6.67731278338939,30.1675036727788,6.32213966347768,6.53851869017722,16.6857815942582,1967.19900131225,3063.21723937988,1103.21337127686,2156.07653808594,188.877536773683,1.73918546192571,-11.411690064351,0.572790103938385,10.0084688108688,788.5,329.75,5030.41624069213,2156.07653808594,0.571392021072736,57.1392021072736
"47","SBE",341.75,310.75,508.25,341.75,30.3636222364434,23.0013590604873,5.66204778173149,6.3533209311991,30.3972545579611,6.52283474405705,6.13517074752395,18.3625970719231,1935.00482940674,1974.29447937012,3315.23075866699,2096.69460296631,161.689773559571,0.0336323215177607,-16.4785243164302,0.473122965792455,12.009276140724,652.5,341.75,3909.29930877686,2096.69460296631,0.463664857213933,46.3664857213933
"43","SBE",324.25,431,384,324.25,31.6923222027886,20.5620822310448,5.21434579818363,5.74398995773421,33.1835046543247,6.23666559656461,6.08829360056033,21.9842687018233,1690.75162506104,2475.65967178344,2394.87958908081,1974.12919998169,283.377574920646,1.49118245153618,-14.3254166344802,0.873947802376703,16.240278744089,755.25,324.25,4166.41129684448,1974.12919998169,0.526179952162467,52.6179952162467
"38","SBE",448,214,393.75,448,27.4356234460381,20.2754715111142,5.92059101377215,6.96010976417042,28.218738744027,6.53486200241816,5.71160074642726,16.5315468333592,2652.42477416992,1489.46348953247,2573.10191345215,2558.79713439941,-93.6276397705133,0.783115297988946,-13.7406095086961,-0.208990267344896,9.57143706918878,662,448,4141.88826370239,2558.79713439941,0.382214832586496,38.2214832586496
"48","SBE",171.25,378.5,476.5,171.25,30.5129731724045,25.7561237699463,5.14993212623318,5.15243629042348,30.8993969785165,6.13641182097909,6.89168487326072,20.829880587176,881.925876617432,1950.19713592529,2924.00023269653,1180.2010345459,298.275157928467,0.386423806112013,-19.6197119489672,1.74175274702755,15.6774442967525,549.75,171.25,2832.12301254272,1180.2010345459,0.583280447452634,58.3280447452634
"44","SBE",199.5,295.5,364,199.5,28.5330573823458,21.1685557522616,5.93035565522082,6.70090192869029,29.9582229881457,6.27217539064176,6.57381450681758,19.0649628615016,1183.10595321655,1980.11651992798,2283.0718421936,1311.47599411011,128.370040893554,1.42516560579998,-14.8963803616199,0.643458851596761,12.3640609328114,495,199.5,3163.22247314453,1311.47599411011,0.585398749141288,58.5398749141288
"39","SBE",174.25,355.5,135.75,174.25,27.6718515519704,16.0589917430562,6.47191244423646,7.14017289130832,29.4018605269767,6.90748157817356,6.6709655805503,18.9382249748992,1127.7307434082,2538.33146286011,937.69062423706,1162.41575241089,34.685009002686,1.73000897500631,-9.15151016488261,0.199053136313836,11.7980520835909,529.75,174.25,3666.06220626831,1162.41575241089,0.682925251398253,68.2925251398253
"49","SBE",423.25,765.5,175.25,423.25,28.2775080111334,20.9598633334912,3.63670957489822,5.37646217271443,30.5778482646885,6.594855946583,5.31519151339499,19.4231505939027,1539.23732757567,4115.68179321289,1155.74850463867,2249.65480804443,710.41748046876,2.30034025355507,-14.3650073869082,1.67848193849677,14.0466884211883,1188.75,423.25,5654.91912078856,2249.65480804443,0.602177368059205,60.2177368059205
"59","SBE",1062.25,743,556.75,1062.25,31.6271780900673,19.7796469021657,5.62797279564402,5.98128147048233,33.361845853719,6.46380520680585,5.42985802208516,19.7700332087109,5978.31410217286,4444.09213256837,3598.72354888916,5767.86668395996,-210.447418212902,1.73466776365172,-13.3158416953599,-0.198114773558864,13.7887517382286,1805.25,1062.25,10422.4062347412,5767.86668395996,0.446589726589834,44.6589726589834
"58","SBE",707.5,872,500,707.5,29.2865987776801,22.2569921569824,4.33480616053927,5.71431328834744,29.3681181978674,6.09123722839356,5.63294338051087,16.3405887708752,3066.87535858154,4982.88118743897,3045.61861419678,3985.30744171144,918.432083129904,0.0815194201872806,-16.1657549285888,1.2981372199716,10.6262754825277,1579.5,707.5,8049.75654602051,3985.30744171144,0.50491577988385,50.491577988385
"57","SBE",768.25,443,607.75,768.25,32.427068306328,19.7507228937623,5.53846807756062,6.48973639770232,32.89979933676,6.28368062278657,5.75672680711731,17.5890703222822,4254.92810058594,2874.95322418213,3818.90689849854,4422.60536956787,167.67726898193,0.472731030432016,-13.4670422709757,0.218258729556694,11.0993339245798,1211.25,768.25,7129.88132476807,4422.60536956787,0.379708417557464,37.9708417557464
"55","SBE",340.25,240.25,448.5,340.25,32.7383175378147,25.2407084776539,5.08138757799585,6.20276302849714,32.0505354602176,5.93842910205241,5.94818388793855,19.858371921186,1728.94212341309,1490.21381759644,2663.38545227051,2023.86956787109,294.927444458004,-0.687782077597134,-19.3022793756015,0.866796309942703,13.6556088926889,580.5,340.25,3219.15594100953,2023.86956787109,0.371304278215114,37.1304278215114
"60","SBE",168.75,188.25,431.75,168.75,31.668540136108,24.9927109992774,5.75680641456886,6.54353889779424,30.1490114530924,6.12646919078197,6.1614434588397,17.4095823331025,971.461082458496,1231.82119750977,2645.10307312012,1039.7435836792,68.2825012207035,-1.51952868301562,-18.8662418084954,0.404637044270835,10.8660434353082,357,168.75,2203.28227996827,1039.7435836792,0.528093339136656,52.8093339136656
"61","SBE",88.5,147.5,430.25,88.5,31.0614194417103,24.7537030004471,5.02701322911149,6.12778708247814,29.8481673714056,6.23035050990067,5.14870758918719,16.5949561684819,444.890670776367,903.848594665526,2680.60830688477,455.660621643066,10.7699508666993,-1.21325207030463,-18.5233524905465,0.121694360075698,10.4671690860037,236,88.5,1348.73926544189,455.660621643066,0.662158110675471,66.2158110675472
"62","SBE",206.25,305.75,413.25,206.25,32.4477191864151,23.4800495902337,6.70597130977746,6.90867413874055,32.1827380338037,6.23913542833461,6.86886789032907,17.0182159498687,1383.1065826416,2112.32711791992,2578.32271575928,1416.70400238037,33.5974197387691,-0.264981152611419,-17.2409141618991,0.162896580551608,10.1095418111282,512,206.25,3495.43370056152,1416.70400238037,0.594698648653303,59.4698648653303
"63","SBE",476,623.75,575.25,476,30.1328082838144,26.8452446318772,5.09634647850229,5.96163452393067,29.8031171870555,6.06397502953878,5.96008124471713,19.5228567241905,2425.86092376709,3718.56953430175,3488.30163574218,2836.99867248535,411.137748718265,-0.329691096758875,-20.7812696023384,0.863734766214842,13.5612222002599,1099.75,476,6144.43045806884,2836.99867248535,0.538281262706812,53.8281262706812
"P_1","Danum",12,87,129,12,37.3418439427116,29.5935739916425,9.14999643961588,7.72448870779454,36.9343264498186,5.81845494943071,8.10583241780599,14.1032230771821,109.799957275391,672.030517578125,750.580688476562,97.2699890136719,-12.5299682617188,-0.407517492893042,-23.7751190422117,-1.04416402180989,6.37873436938757,99,12,781.830474853516,97.2699890136719,0.875586854001954,87.5586854001954
"P_2","Danum",5,210,278,5,42.9944298004797,35.132054829769,7.20001220703125,6.33172076997303,42.2096563282856,5.38097656030449,5.052001953125,16.7592426845006,36.0000610351562,1329.66136169434,1495.91148376465,25.260009765625,-10.7400512695312,-0.784773472194175,-29.7510782694645,-2.14801025390625,10.4275219145275,215,5,1365.6614227295,25.260009765625,0.981503461000503,98.1503461000503
"P_3","Danum",184,308,214,184,37.6817150899921,17.7181835709331,5.04076625989831,5.54409631506189,37.5813803856467,5.70925746454257,6.32810385330864,20.9814993623015,927.500991821289,1707.58166503906,1221.78109741211,1164.37110900879,236.8701171875,-0.100334704345435,-12.0089261063906,1.28733759341032,15.4374030472396,492,184,2635.08265686035,1164.37110900879,0.558127292144939,55.8127292144939
"P_4","Danum",657,422,667,657,39.1574480829961,26.8979213548743,5.21974658240283,6.20590571543617,38.5366011966884,6.2137388947128,4.74269933134455,18.8719246308386,3429.37350463866,2618.89221191406,4144.56384277344,3115.95346069337,-313.420043945294,-0.620846886307746,-20.6841824601615,-0.477047251058287,12.6660189154024,1079,657,6048.26571655272,3115.95346069337,0.484818689072188,48.4818689072188
"P_5","Danum",348,231,567,348,34.6850636553113,24.7095826971468,5.90124257405599,6.98251673050257,35.1066933738099,6.65215781882957,5.13161477275278,18.1570631415297,2053.63241577148,1612.96136474609,3771.77348327637,1785.80194091797,-267.830474853516,0.421629718498572,-18.0574248783172,-0.769627801303206,11.1745464110271,579,348,3666.59378051757,1785.80194091797,0.512953425490759,51.2953425490759
"P_6","Danum",37,104,126,37,38.7473008702474,19.6417502751426,6.34405765017948,6.35702485304612,40.1016610730633,7.26326061430432,7.67163168417441,16.1901033841647,234.730133056641,661.130584716797,915.170837402344,283.850372314453,49.1202392578125,1.35436020281595,-12.3784896608383,1.32757403399493,9.83307853111854,141,37,895.860717773438,283.850372314453,0.683153456019445,68.3153456019445
"P_7","Danum",154,536,78,154,36.5552303786912,18.8734682523287,7.1474754036247,6.5264049359222,37.2452996417596,7.03423720139724,8.10409793606052,16.3296516760072,1100.7112121582,3498.1530456543,548.670501708984,1248.03108215332,147.319869995117,0.690069263068352,-11.8392310509315,0.956622532435826,9.80324674008496,690,154,4598.8642578125,1248.03108215332,0.728621891800094,72.8621891800094
"P_8","Danum",882,455,1034,882,39.1159356572649,23.9357022962441,6.39294321142357,7.15141316508199,36.7724739281719,6.46647573209131,6.22262490201158,18.1221378200657,5638.57591247559,3253.8929901123,6686.33590698241,5488.35516357421,-150.220748901374,-2.34346172909306,-17.4692265641528,-0.170318309411989,10.9707246549837,1337,882,8892.46890258789,5488.35516357421,0.382808618877825,38.2808618877825
"P_9","Danum",777,376,344,777,41.5903289034044,20.4691631405853,4.91659477165153,5.67226576297841,43.8769653008071,6.66102271856264,5.26257968347812,20.6919467195551,3820.19413757324,2132.77192687988,2291.39181518555,4089.0244140625,268.83027648926,2.28663639740277,-13.8081404220226,0.345984911826589,15.0196809565767,1153,777,5952.96606445312,4089.0244140625,0.313111418780086,31.3111418780086
"P_10","Danum",396,404,379,396,31.7630427807806,21.2670240578362,5.82452604505751,6.66683688022123,33.5577226220826,5.78048106170896,6.1627337523181,20.6848830799065,2306.51231384277,2693.40209960938,2190.8023223877,2440.44256591797,133.930252075195,1.79467984130196,-15.4865429961272,0.338207707260595,14.0180461996853,800,396,4999.91441345215,2440.44256591797,0.511903131911215,51.1903131911215
"P_11","Danum",73,327,335,73,35.0029915395323,22.4583944292211,7.77110060600385,6.41581656079773,34.0259025034361,5.85543896119986,5.71726550794628,18.7568255783221,567.290344238281,2097.97201538086,1961.57205200195,417.360382080078,-149.929962158203,-0.977089036096167,-16.6029554680212,-2.05383509805758,12.3410090175244,400,73,2665.26235961914,417.360382080078,0.843407392681703,84.3407392681703
"P_12","Danum",262,374,484,262,38.9907369149699,28.3364730708855,6.29477674178495,4.16150351131663,37.2449881716891,6.17967533080046,6.23859457933266,16.1292839662276,1649.23150634766,1556.40231323242,2990.96286010742,1634.51177978516,-14.7197265624998,-1.7457487432808,-22.156797740085,-0.0561821624522896,11.967780454911,636,262,3205.63381958008,1634.51177978516,0.490112760290484,49.0112760290484
"P_13","Danum",78,181,113,78,39.6507798413989,15.841865472034,6.28346604567308,7.86249268252547,40.3940100549017,6.45000626555586,7.46257097293169,20.8771879923278,490.1103515625,1423.11117553711,728.850708007812,582.080535888672,91.970184326172,0.743230213502827,-9.39185920647815,1.17910492725862,13.0146953098023,259,78,1913.22152709961,582.080535888672,0.695758944981614,69.5758944981614
"P_14","Danum",918,397,553,918,39.7330850675311,25.5851053579375,6.40114979131029,7.03977870220502,40.7588686682708,6.51109071148671,6.43538659122775,21.0350933699524,5876.25550842285,2794.79214477539,3600.63316345215,5907.68489074707,31.429382324226,1.02578360073964,-19.0740146464508,0.0342367999174575,13.9953146677474,1315,918,8671.04765319824,5907.68489074707,0.318688452995865,31.8688452995865
"P_15","Danum",485,396,469,485,37.8469653337951,21.3472761467322,6.1923972218307,6.73732880871705,38.1683502391307,6.20034698941815,7.01658344072165,20.6890218330152,3003.31265258789,2667.98220825195,2907.96273803711,3403.04296875,399.730316162111,0.321384905335556,-15.146929157314,0.82418621889095,13.9516930242982,881,485,5671.29486083984,3403.04296875,0.39995308791861,39.995308791861
"P_16","Danum",213,55,452,213,39.3907345179849,22.206112346818,5.92901969515662,6.25037286931818,39.014243231149,5.52133347502852,5.04192928976856,14.7243702281605,1262.88119506836,343.7705078125,2495.64273071289,1073.9309387207,-188.950256347657,-0.376491286835865,-16.6847788717895,-0.887090405388061,8.47399735884233,268,213,1606.65170288086,1073.9309387207,0.331572028464506,33.1572028464506
"P_17","Danum",319,404,697,319,32.3839641686641,26.0595609864682,5.78191909072541,6.1274316617758,31.1991437934217,6.63170020652125,6.63931714479452,17.6551789387618,1844.43218994141,2475.48239135742,4622.29504394531,2117.94216918945,273.509979248047,-1.18482037524245,-19.427860779947,0.857398054069112,11.527747276986,723,319,4319.91458129883,2117.94216918945,0.509725914869208,50.9725914869208
"P_18","Danum",34,120,224,34,42.183275928866,25.3701411655971,7.40677238913143,7.8459233601888,43.2311598929019,6.8684880392892,8.62148060518153,15.6388399759928,251.830261230469,941.510803222656,1538.54132080078,293.130340576172,41.3000793457031,1.04788396403593,-18.5016531263079,1.21470821605009,7.79291661580404,154,34,1193.34106445312,293.130340576172,0.754361641187211,75.4361641187211
"P_19","Danum",89,192,384,89,44.3300993712496,33.5793797969818,5.78068182441626,6.23599418004354,45.450876003239,6.9657617410024,6.43584622158093,23.3182366689046,514.480682373047,1197.31088256836,2674.85250854492,572.790313720703,58.3096313476562,1.12077663198941,-26.6136180559794,0.655164397164676,17.0822424888611,281,89,1711.79156494141,572.790313720703,0.665385479487212,66.5385479487212
"P_20","Danum",700,254,437,700,36.756400426598,21.7431867935564,5.87612084524972,6.81933623786986,37.90789315127,7.36732849540099,6.58916316441127,20.2660690067321,4113.28459167481,1732.11140441895,3219.52255249023,4612.41421508789,499.129623413083,1.15149272467198,-14.3758582981555,0.713042319161548,13.4467327688623,954,700,5845.39599609376,4612.41421508789,0.210932121934908,21.0932121934908
"P_21","Danum",81,128,16,81,34.8450578054447,14.3662586212158,4.75432784469039,5.78625631332397,36.8365698460726,8.1356315612793,6.11173427252122,18.8976609706879,385.100555419922,740.640808105469,130.170104980469,495.050476074219,109.949920654297,1.99151204062792,-6.23062705993652,1.35740642783083,13.1114046573639,209,81,1125.74136352539,495.050476074219,0.560244926486569,56.0244926486569
"P_22","Danum",455,234,161,455,31.9873567574923,18.6928019079362,7.2511486011547,6.88744191226796,33.3688357293801,7.53205312409016,6.67769916240986,16.4061167138255,3299.27261352539,1611.6614074707,1212.66055297852,3038.35311889648,-260.919494628905,1.38147897188778,-11.1607487838461,-0.573449438744846,9.51867480155749,689,455,4910.93402099609,3038.35311889648,0.381308503452423,38.1308503452423
"P_23","Danum",156,220,128,156,38.89805600135,17.0882873535156,4.90494126539964,6.30927942449396,40.8045657864116,7.49367785453796,7.32974986540966,14.2121878884055,765.170837402343,1388.04147338867,959.190765380859,1143.44097900391,378.270141601563,1.90650978506164,-9.59460949897766,2.42480860001002,7.90290846391158,376,156,2153.21231079101,1143.44097900391,0.46896041171906,46.896041171906
"P_24","Danum",182,213,350,182,43.4035924382883,25.109806867327,5.9771487057864,6.29850446674186,44.0269936898025,6.52626386369977,7.21110534667969,23.8012744026005,1087.84106445312,1341.58145141602,2284.19235229492,1312.4211730957,224.580108642578,0.623401251514132,-18.5835430036272,1.23395664089329,17.5027699358587,395,182,2429.42251586914,1312.4211730957,0.459780600318437,45.9780600318437
"P_25","Danum",75,179,231,75,38.4207396755329,20.2781003481382,5.14867268880209,6.46553781179076,39.3029038301471,5.65909711829512,6.72320515950521,18.6027419447233,386.150451660156,1157.33126831055,1307.25143432617,504.240386962891,118.089935302734,0.88216415461423,-14.6190032298431,1.57453247070312,12.1372041329325,254,75,1543.48171997071,504.240386962891,0.673309777214296,67.3309777214296
"P_26","Danum",71,228,71,71,39.5567037944852,23.4256394077355,5.7607099506217,6.89982939603036,40.4992486924025,6.71662537480744,7.50380803497744,18.8466728611996,409.010406494141,1573.16110229492,476.880401611328,532.770370483398,123.759963989258,0.94254489791733,-16.709014032928,1.74309808435574,11.9468434651693,299,71,1982.17150878906,532.770370483398,0.73121883342533,73.121883342533
"P_27","Danum",625,479,767,625,31.3324910259025,20.5937607428241,6.18534990234375,6.63526747669706,31.4858864854511,6.15347461128484,6.64160512695313,16.5091498580009,3865.84368896484,3178.29312133789,4719.71502685547,4151.0032043457,285.15951538086,0.153395459548648,-14.4402861315393,0.456255224609376,9.87388238130382,1104,625,7044.13681030273,4151.0032043457,0.410715135703433,41.0715135703433
"P_28","Danum",508,403,460,508,34.3062176087157,17.7866143268088,6.49451428511012,7.25353011895646,35.5822961541784,6.40874481201172,6.97955346295214,15.7898319518892,3299.21325683594,2923.17263793945,2948.02261352539,3545.61315917969,246.399902343749,1.27607854546272,-11.3778695147971,0.485039177842026,8.5363018329327,911,508,6222.38589477539,3545.61315917969,0.430184302430237,43.0184302430238
"P_29","Danum",0,57,212,0,37.8138547032357,18.1990162111678,0,6.55772801449424,39.5124037412048,6.38368484209169,0,18.3507096140008,0,373.790496826172,1353.34118652344,0,0,1.69854903796907,-11.8153313690761,0,11.7929815995066,57,0,373.790496826172,0,1,100
"P_30","Danum",0,142,168,0,35.2491300852553,46.8162569318499,0,6.92514618349747,34.8470720824566,5.75756654285249,0,19.3145822874257,0,983.37075805664,967.271179199219,0,0,-0.402058002798739,-41.0586903889974,0,12.3894361039283,142,0,983.37075805664,0,1,100
"P_31","Danum",38,299,265,38,35.9113632189159,23.1492890555904,6.12579707095498,6.2042525683757,36.7068899138022,5.89457126833358,6.79842738101357,16.5261928086297,232.780288696289,1855.07151794434,1562.0613861084,258.340240478516,25.5599517822266,0.79552669488627,-17.2547177872568,0.672630310058594,10.321940240254,337,38,2087.85180664063,258.340240478516,0.876265049244952,87.6265049244952
"P_32","Danum",106,418,88,106,39.3078392721206,21.6343245072798,5.40557184759176,6.30648821963077,41.0629244683702,7.50829922069203,7.77991269669443,18.1973736046604,572.990615844727,2636.11207580566,660.730331420898,824.670745849609,251.680130004883,1.7550851962496,-14.1260252865878,2.37434084910267,11.8908853850296,524,106,3209.10269165039,824.670745849609,0.74302139099653,74.302139099653
"P_33","Danum",1633,756,300,1633,36.6637226032211,22.4688052368164,4.27454375753502,5.90270443063564,37.9719032785372,5.84917317708333,4.92013501215769,20.4440395617611,6980.32995605469,4462.44454956054,1754.751953125,8034.58047485351,1054.25051879882,1.30818067531613,-16.6196320597331,0.645591254622667,14.5413351311255,2389,1633,11442.7745056152,8034.58047485351,0.297846822821619,29.7846822821619
"P_34","Danum",50,310,396,50,35.5608086777889,21.3978854863331,5.90040405273438,5.52287824076991,36.630645517558,5.92407195736664,7.32260437011719,17.95745839765,295.020202636719,1712.09225463867,2345.93249511719,366.130218505859,71.1100158691406,1.06983683976911,-15.4738135289664,1.42220031738281,12.43458015688,360,50,2007.11245727539,366.130218505859,0.817583605154405,81.7583605154405
"P_35","Danum",165,147,552,165,36.7293320236609,26.9068179476088,8.0917626583215,7.30415479179953,37.6947743203718,4.97933572962664,5.27515832149622,16.4441551156595,1335.14083862305,1073.71075439453,2748.59332275391,870.401123046876,-464.739715576171,0.965442296710918,-21.9274822179822,-2.81660433682528,9.14000032386001,312,165,2408.85159301758,870.401123046876,0.638665526108016,63.8665526108016
"P_36","Danum",361,505,470,361,30.8444040004349,15.0166435404027,7.20407768101573,7.2659655278272,32.4202535370379,6.77502626459649,6.82125224697293,17.7181635488378,2600.67204284668,3669.31259155273,3184.26234436035,2462.47206115723,-138.199981689452,1.57584953660303,-8.24161727580619,-0.382825434042804,10.4521980210106,866,361,6269.98463439941,2462.47206115723,0.607260271796008,60.7260271796008
"P_37","Danum",7,235,61,7,34.8294393140728,24.3644301617732,4.22714669363839,6.17558041836353,36.0210214296025,6.3259057216957,7.83143615722656,20.4052388941988,29.5900268554688,1451.26139831543,385.880249023438,54.8200531005859,25.2300262451172,1.19158211552972,-18.0385244400775,3.60428946358817,14.2296584758353,242,7,1480.8514251709,54.8200531005859,0.962980720301323,96.2980720301323
"P_38","Danum",281,409,240,281,34.3282882202555,20.0489219029744,4.67836937955266,5.98839190420137,35.0669166539705,6.57663091023763,6.85338649546124,14.638661279655,1314.6217956543,2449.25228881836,1578.39141845703,1925.80160522461,611.179809570313,0.738628433715014,-13.4722909927368,2.17501711590859,8.65026937545366,690,281,3763.87408447266,1925.80160522461,0.48834590052594,48.834590052594
"P_39","Danum",552,712,664,552,34.3127529155625,25.6578375115453,5.772360207378,7.07079199458776,33.35478924429,6.3424920691065,6.81915443530981,15.7146819682603,3186.34283447266,5034.40390014649,4211.41473388672,3764.17324829102,577.830413818359,-0.957963671272566,-19.3153454424387,1.04679422793181,8.64388997367258,1264,552,8220.74673461915,3764.17324829102,0.5421129771047,54.21129771047
"P_40","Danum",0,45,211,0,38.2593021173588,25.2978265409786,0,8.15245090060764,38.9021325667307,5.6813791284064,0,17.3600043402778,0,366.860290527344,1198.77099609375,0,0,0.642830449371829,-19.6164474125722,0,9.20755343967014,45,0,366.860290527344,0,1,100
"P_41","Danum",37,43,94,37,26.4843832303664,20.1685162808033,6.75378954088366,8.45395820085392,27.9661977509,6.57064332353308,5.20973370526288,13.5523298396621,249.890213012695,363.520202636719,617.640472412109,192.760147094727,-57.1300659179687,1.48181452053358,-13.5978729572702,-1.54405583562078,5.09837163880814,80,37,613.410415649414,192.760147094727,0.685756644854729,68.5756644854729
"P_42","Danum",110,165,402,110,31.8983248324281,14.026846321068,6.62073378129439,6.14849039713542,30.6828200100811,7.45470758694321,7.42273365367543,18.8470353560014,728.280715942383,1014.50091552734,2996.79244995117,816.500701904297,88.2199859619141,-1.21550482234708,-6.57213873412479,0.801999872381037,12.698544958866,275,110,1742.78163146972,816.500701904297,0.531495692196546,53.1495692196546
"P_43","Danum",405,458,744,405,26.8951822983329,16.4998171201316,5.9304500626929,6.59655575148403,25.523912122334,6.58051646653043,6.26575867452739,16.4354203070095,2401.83227539063,3021.22253417969,4895.90425109864,2537.63226318359,135.799987792966,-1.37127017599891,-9.91930065360119,0.335308611834485,9.83886455552546,863,405,5423.05480957032,2537.63226318359,0.532065901545876,53.2065901545876
"P_44","Danum",426,401,524,426,33.2476080802839,15.3812843497473,7.49683688168235,7.11289852456262,34.4273539144103,7.00767715104664,7.32843311291905,17.4152174495402,3193.65251159668,2852.27230834961,3672.02282714844,3121.91250610352,-71.7400054931645,1.17974583412636,-8.37360719870065,-0.168403768763297,10.3023189249776,827,426,6045.92481994629,3121.91250610352,0.48363358806515,48.363358806515
"P_45","Danum",33,306,237,33,34.627666441006,27.0520315693401,5.10697335907907,7.04154240227992,34.1469680287436,7.00582898618803,7.72940155954072,18.4186347512638,168.530120849609,2154.71197509766,1660.38146972656,255.070251464844,86.5401306152343,-0.480698412262363,-20.046202583152,2.62242820046165,11.3770923489839,339,33,2323.24209594727,255.070251464844,0.890209353596943,89.0209353596943
